id,name,class
mnist_train_10120,0,0
mnist_train_10168,0,0
mnist_train_11834,0,0
mnist_train_11888,0,0
mnist_train_11933,0,0
mnist_train_12168,0,0
mnist_train_12264,0,0
mnist_train_12573,0,0
mnist_train_12869,0,0
mnist_train_13196,0,0
mnist_train_13280,0,0
mnist_train_13582,0,0
mnist_train_1377,0,0
mnist_train_13873,0,0
mnist_train_13916,0,0
mnist_train_14276,0,0
mnist_train_14311,0,0
mnist_train_14717,0,0
mnist_train_14729,0,0
mnist_train_1501,0,0
mnist_train_15795,0,0
mnist_train_15928,0,0
mnist_train_15955,0,0
mnist_train_16105,0,0
mnist_train_16144,0,0
mnist_train_16285,0,0
mnist_train_16363,0,0
mnist_train_16777,0,0
mnist_train_16787,0,0
mnist_train_17048,0,0
mnist_train_18486,0,0
mnist_train_18505,0,0
mnist_train_18926,0,0
mnist_train_19261,0,0
mnist_train_1969,0,0
mnist_train_19818,0,0
mnist_train_20482,0,0
mnist_train_20510,0,0
mnist_train_20584,0,0
mnist_train_20929,0,0
mnist_train_21191,0,0
mnist_train_21308,0,0
mnist_train_21350,0,0
mnist_train_21413,0,0
mnist_train_22453,0,0
mnist_train_22605,0,0
mnist_train_22636,0,0
mnist_train_22816,0,0
mnist_train_22949,0,0
mnist_train_23032,0,0
mnist_train_23136,0,0
mnist_train_23277,0,0
mnist_train_23380,0,0
mnist_train_23589,0,0
mnist_train_23882,0,0
mnist_train_24681,0,0
mnist_train_25024,0,0
mnist_train_25420,0,0
mnist_train_25584,0,0
mnist_train_25750,0,0
mnist_train_26058,0,0
mnist_train_26438,0,0
mnist_train_26722,0,0
mnist_train_26990,0,0
mnist_train_27089,0,0
mnist_train_27628,0,0
mnist_train_28030,0,0
mnist_train_28456,0,0
mnist_train_28740,0,0
mnist_train_28896,0,0
mnist_train_2890,0,0
mnist_train_28992,0,0
mnist_train_29151,0,0
mnist_train_29190,0,0
mnist_train_29862,0,0
mnist_train_30455,0,0
mnist_train_30480,0,0
mnist_train_31026,0,0
mnist_train_31502,0,0
mnist_train_32162,0,0
mnist_train_32313,0,0
mnist_train_32609,0,0
mnist_train_33442,0,0
mnist_train_33512,0,0
mnist_train_34073,0,0
mnist_train_34262,0,0
mnist_train_34457,0,0
mnist_train_34580,0,0
mnist_train_34771,0,0
mnist_train_35064,0,0
mnist_train_3516,0,0
mnist_train_35327,0,0
mnist_train_35400,0,0
mnist_train_35449,0,0
mnist_train_35646,0,0
mnist_train_36031,0,0
mnist_train_36055,0,0
mnist_train_36290,0,0
mnist_train_36331,0,0
mnist_train_36440,0,0
mnist_train_36468,0,0
mnist_train_37047,0,0
mnist_train_38043,0,0
mnist_train_38198,0,0
mnist_train_38693,0,0
mnist_train_3884,0,0
mnist_train_39347,0,0
mnist_train_40150,0,0
mnist_train_40479,0,0
mnist_train_40965,0,0
mnist_train_41052,0,0
mnist_train_41432,0,0
mnist_train_4145,0,0
mnist_train_41490,0,0
mnist_train_42433,0,0
mnist_train_42913,0,0
mnist_train_43423,0,0
mnist_train_43932,0,0
mnist_train_44159,0,0
mnist_train_45061,0,0
mnist_train_45354,0,0
mnist_train_45504,0,0
mnist_train_45513,0,0
mnist_train_45608,0,0
mnist_train_45721,0,0
mnist_train_45830,0,0
mnist_train_46479,0,0
mnist_train_46931,0,0
mnist_train_47005,0,0
mnist_train_47202,0,0
mnist_train_47267,0,0
mnist_train_47371,0,0
mnist_train_47466,0,0
mnist_train_47482,0,0
mnist_train_48128,0,0
mnist_train_48136,0,0
mnist_train_48218,0,0
mnist_train_48434,0,0
mnist_train_48834,0,0
mnist_train_49185,0,0
mnist_train_49229,0,0
mnist_train_49419,0,0
mnist_train_49530,0,0
mnist_train_49800,0,0
mnist_train_49835,0,0
mnist_train_49883,0,0
mnist_train_50061,0,0
mnist_train_50070,0,0
mnist_train_50205,0,0
mnist_train_5053,0,0
mnist_train_50630,0,0
mnist_train_51017,0,0
mnist_train_51041,0,0
mnist_train_51167,0,0
mnist_train_51303,0,0
mnist_train_51464,0,0
mnist_train_51490,0,0
mnist_train_52182,0,0
mnist_train_52313,0,0
mnist_train_524,0,0
mnist_train_52691,0,0
mnist_train_53255,0,0
mnist_train_53360,0,0
mnist_train_53562,0,0
mnist_train_54108,0,0
mnist_train_54232,0,0
mnist_train_54414,0,0
mnist_train_54900,0,0
mnist_train_5563,0,0
mnist_train_55837,0,0
mnist_train_5646,0,0
mnist_train_56460,0,0
mnist_train_56724,0,0
mnist_train_57154,0,0
mnist_train_57629,0,0
mnist_train_58012,0,0
mnist_train_58229,0,0
mnist_train_58396,0,0
mnist_train_58510,0,0
mnist_train_58738,0,0
mnist_train_6502,0,0
mnist_train_667,0,0
mnist_train_7066,0,0
mnist_train_7158,0,0
mnist_train_7181,0,0
mnist_train_7548,0,0
mnist_train_7597,0,0
mnist_train_7649,0,0
mnist_train_7708,0,0
mnist_train_7981,0,0
mnist_train_8003,0,0
mnist_train_8016,0,0
mnist_train_8687,0,0
mnist_train_8969,0,0
mnist_train_9055,0,0
mnist_train_9101,0,0
mnist_train_9196,0,0
mnist_train_9329,0,0
mnist_train_9506,0,0
mnist_train_9666,0,0
mnist_train_10110,1,1
mnist_train_10180,1,1
mnist_train_10852,1,1
mnist_train_10915,1,1
mnist_train_11200,1,1
mnist_train_11982,1,1
mnist_train_124,1,1
mnist_train_12664,1,1
mnist_train_13112,1,1
mnist_train_13584,1,1
mnist_train_13782,1,1
mnist_train_14521,1,1
mnist_train_15612,1,1
mnist_train_15790,1,1
mnist_train_15803,1,1
mnist_train_15933,1,1
mnist_train_16562,1,1
mnist_train_16608,1,1
mnist_train_16779,1,1
mnist_train_16991,1,1
mnist_train_17465,1,1
mnist_train_17505,1,1
mnist_train_18072,1,1
mnist_train_18993,1,1
mnist_train_19136,1,1
mnist_train_19150,1,1
mnist_train_19278,1,1
mnist_train_19410,1,1
mnist_train_19441,1,1
mnist_train_19510,1,1
mnist_train_19724,1,1
mnist_train_19753,1,1
mnist_train_19940,1,1
mnist_train_20064,1,1
mnist_train_20456,1,1
mnist_train_20611,1,1
mnist_train_20829,1,1
mnist_train_21071,1,1
mnist_train_21171,1,1
mnist_train_21958,1,1
mnist_train_23056,1,1
mnist_train_23501,1,1
mnist_train_23656,1,1
mnist_train_24376,1,1
mnist_train_24900,1,1
mnist_train_25151,1,1
mnist_train_25287,1,1
mnist_train_25443,1,1
mnist_train_2552,1,1
mnist_train_2563,1,1
mnist_train_25876,1,1
mnist_train_26142,1,1
mnist_train_26757,1,1
mnist_train_27064,1,1
mnist_train_27270,1,1
mnist_train_27284,1,1
mnist_train_27528,1,1
mnist_train_28038,1,1
mnist_train_28513,1,1
mnist_train_28877,1,1
mnist_train_29087,1,1
mnist_train_29773,1,1
mnist_train_29952,1,1
mnist_train_30270,1,1
mnist_train_30303,1,1
mnist_train_30512,1,1
mnist_train_30607,1,1
mnist_train_3068,1,1
mnist_train_31001,1,1
mnist_train_31169,1,1
mnist_train_31478,1,1
mnist_train_31642,1,1
mnist_train_31990,1,1
mnist_train_32535,1,1
mnist_train_32612,1,1
mnist_train_32808,1,1
mnist_train_32842,1,1
mnist_train_32863,1,1
mnist_train_33191,1,1
mnist_train_33458,1,1
mnist_train_33826,1,1
mnist_train_33868,1,1
mnist_train_34166,1,1
mnist_train_3431,1,1
mnist_train_34613,1,1
mnist_train_34638,1,1
mnist_train_34681,1,1
mnist_train_35496,1,1
mnist_train_36422,1,1
mnist_train_36551,1,1
mnist_train_36682,1,1
mnist_train_36947,1,1
mnist_train_36968,1,1
mnist_train_38424,1,1
mnist_train_3885,1,1
mnist_train_39138,1,1
mnist_train_39237,1,1
mnist_train_39262,1,1
mnist_train_39441,1,1
mnist_train_39707,1,1
mnist_train_39797,1,1
mnist_train_39828,1,1
mnist_train_39950,1,1
mnist_train_40314,1,1
mnist_train_40380,1,1
mnist_train_40615,1,1
mnist_train_40635,1,1
mnist_train_40819,1,1
mnist_train_40823,1,1
mnist_train_41103,1,1
mnist_train_41372,1,1
mnist_train_41424,1,1
mnist_train_41649,1,1
mnist_train_42194,1,1
mnist_train_42348,1,1
mnist_train_42765,1,1
mnist_train_42803,1,1
mnist_train_42968,1,1
mnist_train_43006,1,1
mnist_train_43227,1,1
mnist_train_43484,1,1
mnist_train_43951,1,1
mnist_train_4407,1,1
mnist_train_44432,1,1
mnist_train_44876,1,1
mnist_train_45078,1,1
mnist_train_45537,1,1
mnist_train_45693,1,1
mnist_train_45955,1,1
mnist_train_46240,1,1
mnist_train_46302,1,1
mnist_train_46326,1,1
mnist_train_46335,1,1
mnist_train_46552,1,1
mnist_train_466,1,1
mnist_train_46842,1,1
mnist_train_48085,1,1
mnist_train_48510,1,1
mnist_train_48534,1,1
mnist_train_48664,1,1
mnist_train_48897,1,1
mnist_train_49943,1,1
mnist_train_50489,1,1
mnist_train_5090,1,1
mnist_train_51112,1,1
mnist_train_51566,1,1
mnist_train_52075,1,1
mnist_train_52369,1,1
mnist_train_52376,1,1
mnist_train_52615,1,1
mnist_train_52777,1,1
mnist_train_52927,1,1
mnist_train_52965,1,1
mnist_train_53177,1,1
mnist_train_53233,1,1
mnist_train_53273,1,1
mnist_train_53395,1,1
mnist_train_53427,1,1
mnist_train_5355,1,1
mnist_train_53593,1,1
mnist_train_53791,1,1
mnist_train_54061,1,1
mnist_train_54123,1,1
mnist_train_54501,1,1
mnist_train_55371,1,1
mnist_train_56283,1,1
mnist_train_56384,1,1
mnist_train_56603,1,1
mnist_train_5681,1,1
mnist_train_57193,1,1
mnist_train_57222,1,1
mnist_train_57243,1,1
mnist_train_57454,1,1
mnist_train_58155,1,1
mnist_train_58260,1,1
mnist_train_5834,1,1
mnist_train_58466,1,1
mnist_train_58944,1,1
mnist_train_59419,1,1
mnist_train_5966,1,1
mnist_train_59697,1,1
mnist_train_59965,1,1
mnist_train_6082,1,1
mnist_train_6303,1,1
mnist_train_638,1,1
mnist_train_6395,1,1
mnist_train_6785,1,1
mnist_train_6822,1,1
mnist_train_7491,1,1
mnist_train_7553,1,1
mnist_train_7761,1,1
mnist_train_7788,1,1
mnist_train_8330,1,1
mnist_train_8418,1,1
mnist_train_8595,1,1
mnist_train_891,1,1
mnist_train_9260,1,1
mnist_train_9525,1,1
mnist_train_9599,1,1
mnist_train_9734,1,1
mnist_train_10279,2,2
mnist_train_10846,2,2
mnist_train_10959,2,2
mnist_train_11006,2,2
mnist_train_11086,2,2
mnist_train_11552,2,2
mnist_train_11581,2,2
mnist_train_12079,2,2
mnist_train_12281,2,2
mnist_train_12302,2,2
mnist_train_13031,2,2
mnist_train_13310,2,2
mnist_train_13552,2,2
mnist_train_13627,2,2
mnist_train_13735,2,2
mnist_train_13922,2,2
mnist_train_14215,2,2
mnist_train_14603,2,2
mnist_train_15434,2,2
mnist_train_15569,2,2
mnist_train_15917,2,2
mnist_train_16047,2,2
mnist_train_16309,2,2
mnist_train_17039,2,2
mnist_train_17372,2,2
mnist_train_17653,2,2
mnist_train_18566,2,2
mnist_train_18631,2,2
mnist_train_18864,2,2
mnist_train_18865,2,2
mnist_train_19084,2,2
mnist_train_19336,2,2
mnist_train_19556,2,2
mnist_train_1987,2,2
mnist_train_20265,2,2
mnist_train_20497,2,2
mnist_train_20715,2,2
mnist_train_20960,2,2
mnist_train_21135,2,2
mnist_train_21537,2,2
mnist_train_21557,2,2
mnist_train_2189,2,2
mnist_train_21952,2,2
mnist_train_2201,2,2
mnist_train_22056,2,2
mnist_train_22188,2,2
mnist_train_22516,2,2
mnist_train_22635,2,2
mnist_train_22800,2,2
mnist_train_23895,2,2
mnist_train_24035,2,2
mnist_train_24055,2,2
mnist_train_24152,2,2
mnist_train_24206,2,2
mnist_train_24805,2,2
mnist_train_24853,2,2
mnist_train_25004,2,2
mnist_train_25017,2,2
mnist_train_25294,2,2
mnist_train_25672,2,2
mnist_train_26224,2,2
mnist_train_26237,2,2
mnist_train_26635,2,2
mnist_train_26718,2,2
mnist_train_27093,2,2
mnist_train_27347,2,2
mnist_train_2738,2,2
mnist_train_27551,2,2
mnist_train_27660,2,2
mnist_train_27673,2,2
mnist_train_27797,2,2
mnist_train_28091,2,2
mnist_train_28112,2,2
mnist_train_28169,2,2
mnist_train_28189,2,2
mnist_train_2851,2,2
mnist_train_28537,2,2
mnist_train_28611,2,2
mnist_train_2877,2,2
mnist_train_28832,2,2
mnist_train_28879,2,2
mnist_train_29019,2,2
mnist_train_3054,2,2
mnist_train_32077,2,2
mnist_train_32590,2,2
mnist_train_33007,2,2
mnist_train_33863,2,2
mnist_train_33941,2,2
mnist_train_34134,2,2
mnist_train_34614,2,2
mnist_train_3569,2,2
mnist_train_35690,2,2
mnist_train_35691,2,2
mnist_train_35927,2,2
mnist_train_36081,2,2
mnist_train_36374,2,2
mnist_train_36463,2,2
mnist_train_3672,2,2
mnist_train_36775,2,2
mnist_train_36942,2,2
mnist_train_37172,2,2
mnist_train_37322,2,2
mnist_train_37760,2,2
mnist_train_37798,2,2
mnist_train_38143,2,2
mnist_train_38197,2,2
mnist_train_38800,2,2
mnist_train_38825,2,2
mnist_train_38924,2,2
mnist_train_39118,2,2
mnist_train_39147,2,2
mnist_train_39203,2,2
mnist_train_3930,2,2
mnist_train_39682,2,2
mnist_train_40053,2,2
mnist_train_40119,2,2
mnist_train_40686,2,2
mnist_train_40967,2,2
mnist_train_40985,2,2
mnist_train_41141,2,2
mnist_train_4157,2,2
mnist_train_41708,2,2
mnist_train_41984,2,2
mnist_train_42341,2,2
mnist_train_42429,2,2
mnist_train_42539,2,2
mnist_train_42810,2,2
mnist_train_43391,2,2
mnist_train_43575,2,2
mnist_train_44021,2,2
mnist_train_44033,2,2
mnist_train_44166,2,2
mnist_train_44195,2,2
mnist_train_44316,2,2
mnist_train_44415,2,2
mnist_train_45041,2,2
mnist_train_45281,2,2
mnist_train_45332,2,2
mnist_train_45406,2,2
mnist_train_45672,2,2
mnist_train_46394,2,2
mnist_train_46574,2,2
mnist_train_46707,2,2
mnist_train_47101,2,2
mnist_train_47228,2,2
mnist_train_47565,2,2
mnist_train_47667,2,2
mnist_train_47686,2,2
mnist_train_47973,2,2
mnist_train_48476,2,2
mnist_train_48686,2,2
mnist_train_49873,2,2
mnist_train_49951,2,2
mnist_train_50167,2,2
mnist_train_5065,2,2
mnist_train_50773,2,2
mnist_train_50933,2,2
mnist_train_50991,2,2
mnist_train_51530,2,2
mnist_train_51589,2,2
mnist_train_5258,2,2
mnist_train_53121,2,2
mnist_train_53522,2,2
mnist_train_53733,2,2
mnist_train_53773,2,2
mnist_train_53835,2,2
mnist_train_53878,2,2
mnist_train_53879,2,2
mnist_train_54768,2,2
mnist_train_54978,2,2
mnist_train_55176,2,2
mnist_train_55183,2,2
mnist_train_55540,2,2
mnist_train_55692,2,2
mnist_train_56027,2,2
mnist_train_56168,2,2
mnist_train_56215,2,2
mnist_train_56289,2,2
mnist_train_56993,2,2
mnist_train_5724,2,2
mnist_train_57597,2,2
mnist_train_57726,2,2
mnist_train_57831,2,2
mnist_train_57871,2,2
mnist_train_58135,2,2
mnist_train_58244,2,2
mnist_train_5867,2,2
mnist_train_58775,2,2
mnist_train_59365,2,2
mnist_train_6012,2,2
mnist_train_6492,2,2
mnist_train_6627,2,2
mnist_train_6780,2,2
mnist_train_7005,2,2
mnist_train_7360,2,2
mnist_train_7706,2,2
mnist_train_8614,2,2
mnist_train_862,2,2
mnist_train_8834,2,2
mnist_train_9575,2,2
mnist_train_10585,3,3
mnist_train_10647,3,3
mnist_train_10882,3,3
mnist_train_11171,3,3
mnist_train_11216,3,3
mnist_train_11221,3,3
mnist_train_11232,3,3
mnist_train_12044,3,3
mnist_train_12349,3,3
mnist_train_12656,3,3
mnist_train_12747,3,3
mnist_train_13288,3,3
mnist_train_13736,3,3
mnist_train_13859,3,3
mnist_train_14200,3,3
mnist_train_1449,3,3
mnist_train_14533,3,3
mnist_train_14636,3,3
mnist_train_14761,3,3
mnist_train_14935,3,3
mnist_train_1599,3,3
mnist_train_16074,3,3
mnist_train_16111,3,3
mnist_train_16134,3,3
mnist_train_16372,3,3
mnist_train_16453,3,3
mnist_train_1651,3,3
mnist_train_17146,3,3
mnist_train_17253,3,3
mnist_train_17624,3,3
mnist_train_17967,3,3
mnist_train_18030,3,3
mnist_train_18099,3,3
mnist_train_18569,3,3
mnist_train_18587,3,3
mnist_train_18812,3,3
mnist_train_18974,3,3
mnist_train_1941,3,3
mnist_train_19758,3,3
mnist_train_20362,3,3
mnist_train_20378,3,3
mnist_train_20553,3,3
mnist_train_20902,3,3
mnist_train_2092,3,3
mnist_train_21102,3,3
mnist_train_21149,3,3
mnist_train_21622,3,3
mnist_train_22024,3,3
mnist_train_22126,3,3
mnist_train_22708,3,3
mnist_train_22770,3,3
mnist_train_23024,3,3
mnist_train_23116,3,3
mnist_train_23556,3,3
mnist_train_23731,3,3
mnist_train_23796,3,3
mnist_train_23955,3,3
mnist_train_23986,3,3
mnist_train_242,3,3
mnist_train_24354,3,3
mnist_train_24451,3,3
mnist_train_24528,3,3
mnist_train_24575,3,3
mnist_train_24784,3,3
mnist_train_25055,3,3
mnist_train_25116,3,3
mnist_train_25630,3,3
mnist_train_2580,3,3
mnist_train_26154,3,3
mnist_train_2627,3,3
mnist_train_26419,3,3
mnist_train_26965,3,3
mnist_train_27214,3,3
mnist_train_27419,3,3
mnist_train_27666,3,3
mnist_train_27671,3,3
mnist_train_279,3,3
mnist_train_28252,3,3
mnist_train_28653,3,3
mnist_train_28826,3,3
mnist_train_28916,3,3
mnist_train_29094,3,3
mnist_train_29097,3,3
mnist_train_29636,3,3
mnist_train_29719,3,3
mnist_train_29844,3,3
mnist_train_30445,3,3
mnist_train_30645,3,3
mnist_train_30760,3,3
mnist_train_31274,3,3
mnist_train_31347,3,3
mnist_train_31544,3,3
mnist_train_31952,3,3
mnist_train_3233,3,3
mnist_train_32653,3,3
mnist_train_33002,3,3
mnist_train_33029,3,3
mnist_train_33911,3,3
mnist_train_33953,3,3
mnist_train_3462,3,3
mnist_train_34728,3,3
mnist_train_35049,3,3
mnist_train_35122,3,3
mnist_train_35155,3,3
mnist_train_3521,3,3
mnist_train_35548,3,3
mnist_train_35744,3,3
mnist_train_36555,3,3
mnist_train_36595,3,3
mnist_train_36946,3,3
mnist_train_37035,3,3
mnist_train_37524,3,3
mnist_train_37540,3,3
mnist_train_38086,3,3
mnist_train_38283,3,3
mnist_train_3835,3,3
mnist_train_38451,3,3
mnist_train_38755,3,3
mnist_train_38904,3,3
mnist_train_39325,3,3
mnist_train_39591,3,3
mnist_train_40051,3,3
mnist_train_40305,3,3
mnist_train_40481,3,3
mnist_train_40691,3,3
mnist_train_40720,3,3
mnist_train_40883,3,3
mnist_train_41494,3,3
mnist_train_41653,3,3
mnist_train_42210,3,3
mnist_train_42966,3,3
mnist_train_43043,3,3
mnist_train_433,3,3
mnist_train_4339,3,3
mnist_train_43393,3,3
mnist_train_43717,3,3
mnist_train_43747,3,3
mnist_train_43883,3,3
mnist_train_43967,3,3
mnist_train_43978,3,3
mnist_train_44408,3,3
mnist_train_44609,3,3
mnist_train_44709,3,3
mnist_train_4490,3,3
mnist_train_4511,3,3
mnist_train_45545,3,3
mnist_train_45597,3,3
mnist_train_45848,3,3
mnist_train_46221,3,3
mnist_train_46279,3,3
mnist_train_46534,3,3
mnist_train_46666,3,3
mnist_train_47461,3,3
mnist_train_47587,3,3
mnist_train_47594,3,3
mnist_train_47950,3,3
mnist_train_4836,3,3
mnist_train_4850,3,3
mnist_train_48563,3,3
mnist_train_4883,3,3
mnist_train_50033,3,3
mnist_train_50107,3,3
mnist_train_50260,3,3
mnist_train_50644,3,3
mnist_train_51561,3,3
mnist_train_51896,3,3
mnist_train_52227,3,3
mnist_train_53493,3,3
mnist_train_53943,3,3
mnist_train_54242,3,3
mnist_train_55028,3,3
mnist_train_55548,3,3
mnist_train_56008,3,3
mnist_train_56139,3,3
mnist_train_56434,3,3
mnist_train_56448,3,3
mnist_train_56561,3,3
mnist_train_57264,3,3
mnist_train_57879,3,3
mnist_train_5793,3,3
mnist_train_57990,3,3
mnist_train_58149,3,3
mnist_train_58336,3,3
mnist_train_58399,3,3
mnist_train_58421,3,3
mnist_train_58640,3,3
mnist_train_5926,3,3
mnist_train_59282,3,3
mnist_train_59366,3,3
mnist_train_6059,3,3
mnist_train_6309,3,3
mnist_train_6420,3,3
mnist_train_6912,3,3
mnist_train_7556,3,3
mnist_train_7675,3,3
mnist_train_7803,3,3
mnist_train_8094,3,3
mnist_train_8254,3,3
mnist_train_9059,3,3
mnist_train_98,3,3
mnist_train_1030,4,4
mnist_train_10634,4,4
mnist_train_10952,4,4
mnist_train_11184,4,4
mnist_train_11459,4,4
mnist_train_11547,4,4
mnist_train_11646,4,4
mnist_train_11783,4,4
mnist_train_11861,4,4
mnist_train_11913,4,4
mnist_train_11965,4,4
mnist_train_12105,4,4
mnist_train_12322,4,4
mnist_train_12595,4,4
mnist_train_13252,4,4
mnist_train_13471,4,4
mnist_train_13850,4,4
mnist_train_13861,4,4
mnist_train_14175,4,4
mnist_train_14621,4,4
mnist_train_14654,4,4
mnist_train_14695,4,4
mnist_train_14788,4,4
mnist_train_15038,4,4
mnist_train_15058,4,4
mnist_train_15214,4,4
mnist_train_15876,4,4
mnist_train_16389,4,4
mnist_train_166,4,4
mnist_train_17018,4,4
mnist_train_1704,4,4
mnist_train_17511,4,4
mnist_train_17862,4,4
mnist_train_18133,4,4
mnist_train_18981,4,4
mnist_train_18988,4,4
mnist_train_1932,4,4
mnist_train_19404,4,4
mnist_train_19952,4,4
mnist_train_20211,4,4
mnist_train_20236,4,4
mnist_train_20337,4,4
mnist_train_21296,4,4
mnist_train_21743,4,4
mnist_train_21968,4,4
mnist_train_22051,4,4
mnist_train_22285,4,4
mnist_train_22372,4,4
mnist_train_22403,4,4
mnist_train_22584,4,4
mnist_train_22714,4,4
mnist_train_22747,4,4
mnist_train_22818,4,4
mnist_train_22865,4,4
mnist_train_23174,4,4
mnist_train_23306,4,4
mnist_train_24601,4,4
mnist_train_24855,4,4
mnist_train_25001,4,4
mnist_train_25635,4,4
mnist_train_25971,4,4
mnist_train_26246,4,4
mnist_train_26465,4,4
mnist_train_26797,4,4
mnist_train_27055,4,4
mnist_train_27514,4,4
mnist_train_27517,4,4
mnist_train_27694,4,4
mnist_train_28217,4,4
mnist_train_28311,4,4
mnist_train_28426,4,4
mnist_train_28578,4,4
mnist_train_28963,4,4
mnist_train_29372,4,4
mnist_train_29631,4,4
mnist_train_29739,4,4
mnist_train_29814,4,4
mnist_train_2990,4,4
mnist_train_30321,4,4
mnist_train_3037,4,4
mnist_train_30779,4,4
mnist_train_3091,4,4
mnist_train_31340,4,4
mnist_train_31574,4,4
mnist_train_31994,4,4
mnist_train_32286,4,4
mnist_train_32565,4,4
mnist_train_32661,4,4
mnist_train_3352,4,4
mnist_train_33731,4,4
mnist_train_34406,4,4
mnist_train_3457,4,4
mnist_train_3484,4,4
mnist_train_35256,4,4
mnist_train_35946,4,4
mnist_train_36017,4,4
mnist_train_3668,4,4
mnist_train_36907,4,4
mnist_train_36932,4,4
mnist_train_37339,4,4
mnist_train_37826,4,4
mnist_train_37893,4,4
mnist_train_38168,4,4
mnist_train_38428,4,4
mnist_train_38496,4,4
mnist_train_39361,4,4
mnist_train_3945,4,4
mnist_train_39875,4,4
mnist_train_40094,4,4
mnist_train_40990,4,4
mnist_train_4107,4,4
mnist_train_4135,4,4
mnist_train_4169,4,4
mnist_train_41930,4,4
mnist_train_41977,4,4
mnist_train_4205,4,4
mnist_train_42181,4,4
mnist_train_42249,4,4
mnist_train_42382,4,4
mnist_train_42620,4,4
mnist_train_43026,4,4
mnist_train_43106,4,4
mnist_train_43278,4,4
mnist_train_43713,4,4
mnist_train_438,4,4
mnist_train_43929,4,4
mnist_train_442,4,4
mnist_train_44342,4,4
mnist_train_44515,4,4
mnist_train_44581,4,4
mnist_train_44894,4,4
mnist_train_4494,4,4
mnist_train_4593,4,4
mnist_train_45950,4,4
mnist_train_4619,4,4
mnist_train_4633,4,4
mnist_train_46333,4,4
mnist_train_46374,4,4
mnist_train_4703,4,4
mnist_train_47763,4,4
mnist_train_4781,4,4
mnist_train_47823,4,4
mnist_train_47826,4,4
mnist_train_48047,4,4
mnist_train_4822,4,4
mnist_train_48252,4,4
mnist_train_48448,4,4
mnist_train_48522,4,4
mnist_train_48728,4,4
mnist_train_48885,4,4
mnist_train_48890,4,4
mnist_train_49005,4,4
mnist_train_49078,4,4
mnist_train_49745,4,4
mnist_train_50188,4,4
mnist_train_50416,4,4
mnist_train_50757,4,4
mnist_train_51814,4,4
mnist_train_52855,4,4
mnist_train_53249,4,4
mnist_train_53576,4,4
mnist_train_53731,4,4
mnist_train_53767,4,4
mnist_train_5401,4,4
mnist_train_54109,4,4
mnist_train_54129,4,4
mnist_train_5444,4,4
mnist_train_54452,4,4
mnist_train_54742,4,4
mnist_train_54852,4,4
mnist_train_55351,4,4
mnist_train_55564,4,4
mnist_train_55684,4,4
mnist_train_56276,4,4
mnist_train_56379,4,4
mnist_train_56827,4,4
mnist_train_56853,4,4
mnist_train_57779,4,4
mnist_train_58634,4,4
mnist_train_58661,4,4
mnist_train_58730,4,4
mnist_train_58980,4,4
mnist_train_58987,4,4
mnist_train_59227,4,4
mnist_train_59261,4,4
mnist_train_59922,4,4
mnist_train_59933,4,4
mnist_train_6035,4,4
mnist_train_6127,4,4
mnist_train_6312,4,4
mnist_train_6336,4,4
mnist_train_6462,4,4
mnist_train_6556,4,4
mnist_train_6656,4,4
mnist_train_7211,4,4
mnist_train_7296,4,4
mnist_train_742,4,4
mnist_train_8037,4,4
mnist_train_8400,4,4
mnist_train_9541,4,4
mnist_train_10030,5,5
mnist_train_10182,5,5
mnist_train_10286,5,5
mnist_train_11141,5,5
mnist_train_11396,5,5
mnist_train_11638,5,5
mnist_train_12684,5,5
mnist_train_12804,5,5
mnist_train_12940,5,5
mnist_train_13070,5,5
mnist_train_13284,5,5
mnist_train_13394,5,5
mnist_train_13749,5,5
mnist_train_13784,5,5
mnist_train_14534,5,5
mnist_train_14951,5,5
mnist_train_15155,5,5
mnist_train_15285,5,5
mnist_train_15337,5,5
mnist_train_15791,5,5
mnist_train_15893,5,5
mnist_train_16112,5,5
mnist_train_16295,5,5
mnist_train_16558,5,5
mnist_train_16647,5,5
mnist_train_16733,5,5
mnist_train_17294,5,5
mnist_train_17578,5,5
mnist_train_18440,5,5
mnist_train_18719,5,5
mnist_train_18829,5,5
mnist_train_18968,5,5
mnist_train_19175,5,5
mnist_train_19364,5,5
mnist_train_19533,5,5
mnist_train_19717,5,5
mnist_train_19994,5,5
mnist_train_20186,5,5
mnist_train_20528,5,5
mnist_train_20564,5,5
mnist_train_20885,5,5
mnist_train_21011,5,5
mnist_train_21397,5,5
mnist_train_21632,5,5
mnist_train_21833,5,5
mnist_train_21850,5,5
mnist_train_21919,5,5
mnist_train_21963,5,5
mnist_train_21976,5,5
mnist_train_22686,5,5
mnist_train_22821,5,5
mnist_train_23226,5,5
mnist_train_23736,5,5
mnist_train_23938,5,5
mnist_train_23981,5,5
mnist_train_24097,5,5
mnist_train_24335,5,5
mnist_train_24516,5,5
mnist_train_24614,5,5
mnist_train_25483,5,5
mnist_train_25539,5,5
mnist_train_25654,5,5
mnist_train_25720,5,5
mnist_train_25762,5,5
mnist_train_25967,5,5
mnist_train_26030,5,5
mnist_train_26328,5,5
mnist_train_26621,5,5
mnist_train_26842,5,5
mnist_train_26896,5,5
mnist_train_26901,5,5
mnist_train_26995,5,5
mnist_train_27288,5,5
mnist_train_2739,5,5
mnist_train_28271,5,5
mnist_train_28534,5,5
mnist_train_28949,5,5
mnist_train_29065,5,5
mnist_train_29204,5,5
mnist_train_29359,5,5
mnist_train_29525,5,5
mnist_train_29569,5,5
mnist_train_29834,5,5
mnist_train_29924,5,5
mnist_train_30410,5,5
mnist_train_306,5,5
mnist_train_31418,5,5
mnist_train_3266,5,5
mnist_train_32757,5,5
mnist_train_33220,5,5
mnist_train_33420,5,5
mnist_train_33749,5,5
mnist_train_33808,5,5
mnist_train_3433,5,5
mnist_train_35276,5,5
mnist_train_35390,5,5
mnist_train_35397,5,5
mnist_train_36089,5,5
mnist_train_36341,5,5
mnist_train_36354,5,5
mnist_train_36452,5,5
mnist_train_36800,5,5
mnist_train_37557,5,5
mnist_train_37574,5,5
mnist_train_37662,5,5
mnist_train_37874,5,5
mnist_train_39126,5,5
mnist_train_39197,5,5
mnist_train_39473,5,5
mnist_train_39482,5,5
mnist_train_40350,5,5
mnist_train_40759,5,5
mnist_train_40905,5,5
mnist_train_41321,5,5
mnist_train_41522,5,5
mnist_train_41618,5,5
mnist_train_41772,5,5
mnist_train_42221,5,5
mnist_train_42338,5,5
mnist_train_42359,5,5
mnist_train_42390,5,5
mnist_train_42509,5,5
mnist_train_42604,5,5
mnist_train_4299,5,5
mnist_train_43328,5,5
mnist_train_43510,5,5
mnist_train_43587,5,5
mnist_train_43867,5,5
mnist_train_44667,5,5
mnist_train_45124,5,5
mnist_train_45567,5,5
mnist_train_45826,5,5
mnist_train_46091,5,5
mnist_train_46458,5,5
mnist_train_46635,5,5
mnist_train_47,5,5
mnist_train_47256,5,5
mnist_train_47339,5,5
mnist_train_4752,5,5
mnist_train_47832,5,5
mnist_train_47955,5,5
mnist_train_48058,5,5
mnist_train_48134,5,5
mnist_train_48705,5,5
mnist_train_48850,5,5
mnist_train_49141,5,5
mnist_train_49190,5,5
mnist_train_49236,5,5
mnist_train_49568,5,5
mnist_train_49728,5,5
mnist_train_49820,5,5
mnist_train_50223,5,5
mnist_train_50718,5,5
mnist_train_50853,5,5
mnist_train_50887,5,5
mnist_train_50904,5,5
mnist_train_50954,5,5
mnist_train_51339,5,5
mnist_train_52364,5,5
mnist_train_52608,5,5
mnist_train_53086,5,5
mnist_train_54151,5,5
mnist_train_54230,5,5
mnist_train_54233,5,5
mnist_train_54241,5,5
mnist_train_5440,5,5
mnist_train_54525,5,5
mnist_train_54781,5,5
mnist_train_54839,5,5
mnist_train_54938,5,5
mnist_train_5499,5,5
mnist_train_55728,5,5
mnist_train_56589,5,5
mnist_train_56852,5,5
mnist_train_56928,5,5
mnist_train_57330,5,5
mnist_train_57812,5,5
mnist_train_58270,5,5
mnist_train_59269,5,5
mnist_train_59525,5,5
mnist_train_6501,5,5
mnist_train_7044,5,5
mnist_train_7137,5,5
mnist_train_7382,5,5
mnist_train_7888,5,5
mnist_train_7927,5,5
mnist_train_8320,5,5
mnist_train_8337,5,5
mnist_train_8339,5,5
mnist_train_8646,5,5
mnist_train_8668,5,5
mnist_train_879,5,5
mnist_train_8835,5,5
mnist_train_9064,5,5
mnist_train_9073,5,5
mnist_train_921,5,5
mnist_train_9462,5,5
mnist_train_9515,5,5
mnist_train_9589,5,5
mnist_train_9898,5,5
mnist_train_10101,6,6
mnist_train_10149,6,6
mnist_train_10550,6,6
mnist_train_10930,6,6
mnist_train_11038,6,6
mnist_train_11277,6,6
mnist_train_11357,6,6
mnist_train_12068,6,6
mnist_train_1240,6,6
mnist_train_12448,6,6
mnist_train_12834,6,6
mnist_train_12851,6,6
mnist_train_12887,6,6
mnist_train_13011,6,6
mnist_train_13427,6,6
mnist_train_13546,6,6
mnist_train_1389,6,6
mnist_train_14315,6,6
mnist_train_14658,6,6
mnist_train_14805,6,6
mnist_train_15036,6,6
mnist_train_15484,6,6
mnist_train_1557,6,6
mnist_train_15706,6,6
mnist_train_16064,6,6
mnist_train_16410,6,6
mnist_train_1642,6,6
mnist_train_16575,6,6
mnist_train_16616,6,6
mnist_train_16830,6,6
mnist_train_17382,6,6
mnist_train_17996,6,6
mnist_train_18312,6,6
mnist_train_18447,6,6
mnist_train_1869,6,6
mnist_train_19408,6,6
mnist_train_19496,6,6
mnist_train_20122,6,6
mnist_train_21025,6,6
mnist_train_21585,6,6
mnist_train_21675,6,6
mnist_train_21763,6,6
mnist_train_22035,6,6
mnist_train_22716,6,6
mnist_train_22809,6,6
mnist_train_22840,6,6
mnist_train_22936,6,6
mnist_train_23898,6,6
mnist_train_23900,6,6
mnist_train_24277,6,6
mnist_train_24944,6,6
mnist_train_256,6,6
mnist_train_2638,6,6
mnist_train_26402,6,6
mnist_train_26453,6,6
mnist_train_26603,6,6
mnist_train_27086,6,6
mnist_train_27175,6,6
mnist_train_28177,6,6
mnist_train_28552,6,6
mnist_train_28704,6,6
mnist_train_29272,6,6
mnist_train_30139,6,6
mnist_train_30518,6,6
mnist_train_30557,6,6
mnist_train_30904,6,6
mnist_train_3097,6,6
mnist_train_31557,6,6
mnist_train_31623,6,6
mnist_train_31705,6,6
mnist_train_31981,6,6
mnist_train_32043,6,6
mnist_train_32782,6,6
mnist_train_33314,6,6
mnist_train_33520,6,6
mnist_train_33629,6,6
mnist_train_33735,6,6
mnist_train_33910,6,6
mnist_train_34024,6,6
mnist_train_34255,6,6
mnist_train_34295,6,6
mnist_train_34336,6,6
mnist_train_34529,6,6
mnist_train_34652,6,6
mnist_train_35034,6,6
mnist_train_35497,6,6
mnist_train_35709,6,6
mnist_train_35736,6,6
mnist_train_35861,6,6
mnist_train_35968,6,6
mnist_train_36504,6,6
mnist_train_36636,6,6
mnist_train_36701,6,6
mnist_train_3764,6,6
mnist_train_38050,6,6
mnist_train_38176,6,6
mnist_train_38780,6,6
mnist_train_39200,6,6
mnist_train_39567,6,6
mnist_train_39766,6,6
mnist_train_3985,6,6
mnist_train_40176,6,6
mnist_train_40411,6,6
mnist_train_40491,6,6
mnist_train_40533,6,6
mnist_train_40889,6,6
mnist_train_41111,6,6
mnist_train_41213,6,6
mnist_train_41695,6,6
mnist_train_41828,6,6
mnist_train_42190,6,6
mnist_train_42694,6,6
mnist_train_42788,6,6
mnist_train_43154,6,6
mnist_train_43440,6,6
mnist_train_43744,6,6
mnist_train_44066,6,6
mnist_train_44801,6,6
mnist_train_45023,6,6
mnist_train_45127,6,6
mnist_train_45157,6,6
mnist_train_45269,6,6
mnist_train_45300,6,6
mnist_train_45514,6,6
mnist_train_46482,6,6
mnist_train_47277,6,6
mnist_train_47343,6,6
mnist_train_47472,6,6
mnist_train_47663,6,6
mnist_train_48006,6,6
mnist_train_48141,6,6
mnist_train_48301,6,6
mnist_train_48380,6,6
mnist_train_48430,6,6
mnist_train_48656,6,6
mnist_train_48778,6,6
mnist_train_48839,6,6
mnist_train_48941,6,6
mnist_train_49346,6,6
mnist_train_49448,6,6
mnist_train_49659,6,6
mnist_train_4980,6,6
mnist_train_50506,6,6
mnist_train_50811,6,6
mnist_train_50890,6,6
mnist_train_5121,6,6
mnist_train_51213,6,6
mnist_train_51310,6,6
mnist_train_51378,6,6
mnist_train_51386,6,6
mnist_train_51676,6,6
mnist_train_51912,6,6
mnist_train_52513,6,6
mnist_train_52534,6,6
mnist_train_52584,6,6
mnist_train_52688,6,6
mnist_train_53111,6,6
mnist_train_53463,6,6
mnist_train_53869,6,6
mnist_train_54204,6,6
mnist_train_54298,6,6
mnist_train_54570,6,6
mnist_train_54788,6,6
mnist_train_55638,6,6
mnist_train_56210,6,6
mnist_train_56767,6,6
mnist_train_57346,6,6
mnist_train_57413,6,6
mnist_train_57518,6,6
mnist_train_57764,6,6
mnist_train_58549,6,6
mnist_train_59098,6,6
mnist_train_59431,6,6
mnist_train_59493,6,6
mnist_train_5962,6,6
mnist_train_6031,6,6
mnist_train_6159,6,6
mnist_train_6338,6,6
mnist_train_6578,6,6
mnist_train_681,6,6
mnist_train_6854,6,6
mnist_train_6954,6,6
mnist_train_7086,6,6
mnist_train_7102,6,6
mnist_train_7294,6,6
mnist_train_7581,6,6
mnist_train_7867,6,6
mnist_train_8074,6,6
mnist_train_8145,6,6
mnist_train_8265,6,6
mnist_train_8290,6,6
mnist_train_8312,6,6
mnist_train_8376,6,6
mnist_train_8636,6,6
mnist_train_8814,6,6
mnist_train_9015,6,6
mnist_train_9417,6,6
mnist_train_9526,6,6
mnist_train_9534,6,6
mnist_train_9659,6,6
mnist_train_10014,7,7
mnist_train_11159,7,7
mnist_train_11207,7,7
mnist_train_11517,7,7
mnist_train_11689,7,7
mnist_train_11907,7,7
mnist_train_12571,7,7
mnist_train_13534,7,7
mnist_train_13842,7,7
mnist_train_14386,7,7
mnist_train_14439,7,7
mnist_train_14590,7,7
mnist_train_15,7,7
mnist_train_15340,7,7
mnist_train_15490,7,7
mnist_train_16197,7,7
mnist_train_16316,7,7
mnist_train_16319,7,7
mnist_train_16700,7,7
mnist_train_16721,7,7
mnist_train_1730,7,7
mnist_train_17419,7,7
mnist_train_17513,7,7
mnist_train_17615,7,7
mnist_train_17918,7,7
mnist_train_18020,7,7
mnist_train_1851,7,7
mnist_train_18962,7,7
mnist_train_19817,7,7
mnist_train_19893,7,7
mnist_train_19949,7,7
mnist_train_20030,7,7
mnist_train_2014,7,7
mnist_train_20766,7,7
mnist_train_2095,7,7
mnist_train_21043,7,7
mnist_train_21915,7,7
mnist_train_22683,7,7
mnist_train_22823,7,7
mnist_train_22826,7,7
mnist_train_23192,7,7
mnist_train_23427,7,7
mnist_train_23469,7,7
mnist_train_23551,7,7
mnist_train_23609,7,7
mnist_train_24259,7,7
mnist_train_24818,7,7
mnist_train_2488,7,7
mnist_train_25229,7,7
mnist_train_25458,7,7
mnist_train_25895,7,7
mnist_train_2658,7,7
mnist_train_26684,7,7
mnist_train_26699,7,7
mnist_train_26826,7,7
mnist_train_26886,7,7
mnist_train_27379,7,7
mnist_train_2754,7,7
mnist_train_27728,7,7
mnist_train_27862,7,7
mnist_train_27872,7,7
mnist_train_28921,7,7
mnist_train_28991,7,7
mnist_train_29051,7,7
mnist_train_29296,7,7
mnist_train_29452,7,7
mnist_train_2949,7,7
mnist_train_29512,7,7
mnist_train_29806,7,7
mnist_train_29888,7,7
mnist_train_30109,7,7
mnist_train_30224,7,7
mnist_train_30348,7,7
mnist_train_30462,7,7
mnist_train_3059,7,7
mnist_train_30786,7,7
mnist_train_31085,7,7
mnist_train_31713,7,7
mnist_train_31849,7,7
mnist_train_32117,7,7
mnist_train_32428,7,7
mnist_train_32643,7,7
mnist_train_33131,7,7
mnist_train_33406,7,7
mnist_train_33470,7,7
mnist_train_34094,7,7
mnist_train_34110,7,7
mnist_train_34153,7,7
mnist_train_34353,7,7
mnist_train_34410,7,7
mnist_train_34445,7,7
mnist_train_34690,7,7
mnist_train_34774,7,7
mnist_train_34935,7,7
mnist_train_35450,7,7
mnist_train_35476,7,7
mnist_train_35560,7,7
mnist_train_36088,7,7
mnist_train_36436,7,7
mnist_train_37100,7,7
mnist_train_37876,7,7
mnist_train_37963,7,7
mnist_train_3940,7,7
mnist_train_39500,7,7
mnist_train_39651,7,7
mnist_train_39676,7,7
mnist_train_39749,7,7
mnist_train_39845,7,7
mnist_train_39880,7,7
mnist_train_40165,7,7
mnist_train_40170,7,7
mnist_train_40242,7,7
mnist_train_40603,7,7
mnist_train_40710,7,7
mnist_train_40742,7,7
mnist_train_41026,7,7
mnist_train_41367,7,7
mnist_train_41571,7,7
mnist_train_41597,7,7
mnist_train_4175,7,7
mnist_train_4280,7,7
mnist_train_4331,7,7
mnist_train_43627,7,7
mnist_train_43710,7,7
mnist_train_4385,7,7
mnist_train_43969,7,7
mnist_train_44185,7,7
mnist_train_44271,7,7
mnist_train_44323,7,7
mnist_train_44485,7,7
mnist_train_44577,7,7
mnist_train_45257,7,7
mnist_train_45806,7,7
mnist_train_46618,7,7
mnist_train_47262,7,7
mnist_train_47374,7,7
mnist_train_47596,7,7
mnist_train_47727,7,7
mnist_train_48122,7,7
mnist_train_48952,7,7
mnist_train_4977,7,7
mnist_train_50046,7,7
mnist_train_50579,7,7
mnist_train_50878,7,7
mnist_train_50884,7,7
mnist_train_51103,7,7
mnist_train_51174,7,7
mnist_train_51300,7,7
mnist_train_51583,7,7
mnist_train_51636,7,7
mnist_train_51683,7,7
mnist_train_53003,7,7
mnist_train_5347,7,7
mnist_train_53781,7,7
mnist_train_53843,7,7
mnist_train_53852,7,7
mnist_train_54011,7,7
mnist_train_54193,7,7
mnist_train_54971,7,7
mnist_train_55084,7,7
mnist_train_55174,7,7
mnist_train_55756,7,7
mnist_train_56086,7,7
mnist_train_56220,7,7
mnist_train_56253,7,7
mnist_train_56503,7,7
mnist_train_56880,7,7
mnist_train_57032,7,7
mnist_train_57547,7,7
mnist_train_57576,7,7
mnist_train_57663,7,7
mnist_train_57692,7,7
mnist_train_57702,7,7
mnist_train_5778,7,7
mnist_train_57905,7,7
mnist_train_58090,7,7
mnist_train_58099,7,7
mnist_train_58118,7,7
mnist_train_58393,7,7
mnist_train_58425,7,7
mnist_train_58565,7,7
mnist_train_58701,7,7
mnist_train_58733,7,7
mnist_train_58974,7,7
mnist_train_59767,7,7
mnist_train_6134,7,7
mnist_train_6287,7,7
mnist_train_632,7,7
mnist_train_6510,7,7
mnist_train_6953,7,7
mnist_train_7534,7,7
mnist_train_7769,7,7
mnist_train_7945,7,7
mnist_train_8090,7,7
mnist_train_84,7,7
mnist_train_853,7,7
mnist_train_8803,7,7
mnist_train_8827,7,7
mnist_train_9286,7,7
mnist_train_9711,7,7
mnist_train_10061,8,8
mnist_train_1045,8,8
mnist_train_10694,8,8
mnist_train_1086,8,8
mnist_train_10862,8,8
mnist_train_11120,8,8
mnist_train_12010,8,8
mnist_train_12317,8,8
mnist_train_12857,8,8
mnist_train_13341,8,8
mnist_train_13677,8,8
mnist_train_13803,8,8
mnist_train_13917,8,8
mnist_train_14664,8,8
mnist_train_14826,8,8
mnist_train_14830,8,8
mnist_train_14902,8,8
mnist_train_15247,8,8
mnist_train_15267,8,8
mnist_train_15307,8,8
mnist_train_16073,8,8
mnist_train_16897,8,8
mnist_train_16920,8,8
mnist_train_17302,8,8
mnist_train_17405,8,8
mnist_train_17499,8,8
mnist_train_17559,8,8
mnist_train_17602,8,8
mnist_train_17675,8,8
mnist_train_17721,8,8
mnist_train_18156,8,8
mnist_train_18414,8,8
mnist_train_18559,8,8
mnist_train_18574,8,8
mnist_train_18619,8,8
mnist_train_18774,8,8
mnist_train_19362,8,8
mnist_train_19455,8,8
mnist_train_19540,8,8
mnist_train_19864,8,8
mnist_train_19928,8,8
mnist_train_19981,8,8
mnist_train_2026,8,8
mnist_train_20339,8,8
mnist_train_20352,8,8
mnist_train_20521,8,8
mnist_train_20954,8,8
mnist_train_22001,8,8
mnist_train_225,8,8
mnist_train_23071,8,8
mnist_train_23081,8,8
mnist_train_23789,8,8
mnist_train_24046,8,8
mnist_train_24065,8,8
mnist_train_24130,8,8
mnist_train_245,8,8
mnist_train_24578,8,8
mnist_train_25179,8,8
mnist_train_25186,8,8
mnist_train_25256,8,8
mnist_train_25415,8,8
mnist_train_26085,8,8
mnist_train_26138,8,8
mnist_train_265,8,8
mnist_train_26520,8,8
mnist_train_27146,8,8
mnist_train_27386,8,8
mnist_train_27729,8,8
mnist_train_28381,8,8
mnist_train_28887,8,8
mnist_train_2901,8,8
mnist_train_29208,8,8
mnist_train_29280,8,8
mnist_train_29303,8,8
mnist_train_30527,8,8
mnist_train_30545,8,8
mnist_train_30994,8,8
mnist_train_31087,8,8
mnist_train_31760,8,8
mnist_train_31847,8,8
mnist_train_32503,8,8
mnist_train_32995,8,8
mnist_train_33036,8,8
mnist_train_33490,8,8
mnist_train_33533,8,8
mnist_train_3354,8,8
mnist_train_33979,8,8
mnist_train_34040,8,8
mnist_train_34382,8,8
mnist_train_34565,8,8
mnist_train_352,8,8
mnist_train_35295,8,8
mnist_train_36478,8,8
mnist_train_37398,8,8
mnist_train_37456,8,8
mnist_train_37488,8,8
mnist_train_38476,8,8
mnist_train_38606,8,8
mnist_train_38863,8,8
mnist_train_393,8,8
mnist_train_39479,8,8
mnist_train_39602,8,8
mnist_train_39948,8,8
mnist_train_40089,8,8
mnist_train_40488,8,8
mnist_train_41013,8,8
mnist_train_41115,8,8
mnist_train_41304,8,8
mnist_train_41347,8,8
mnist_train_41393,8,8
mnist_train_41396,8,8
mnist_train_41801,8,8
mnist_train_41853,8,8
mnist_train_41882,8,8
mnist_train_42060,8,8
mnist_train_42229,8,8
mnist_train_42259,8,8
mnist_train_42533,8,8
mnist_train_42595,8,8
mnist_train_42749,8,8
mnist_train_42778,8,8
mnist_train_42868,8,8
mnist_train_42979,8,8
mnist_train_42990,8,8
mnist_train_44024,8,8
mnist_train_44123,8,8
mnist_train_4440,8,8
mnist_train_44436,8,8
mnist_train_44532,8,8
mnist_train_44624,8,8
mnist_train_44638,8,8
mnist_train_44695,8,8
mnist_train_45181,8,8
mnist_train_45293,8,8
mnist_train_45738,8,8
mnist_train_46285,8,8
mnist_train_46650,8,8
mnist_train_46738,8,8
mnist_train_47034,8,8
mnist_train_47099,8,8
mnist_train_47176,8,8
mnist_train_47212,8,8
mnist_train_48312,8,8
mnist_train_48407,8,8
mnist_train_48652,8,8
mnist_train_48684,8,8
mnist_train_49804,8,8
mnist_train_4982,8,8
mnist_train_49851,8,8
mnist_train_4992,8,8
mnist_train_49990,8,8
mnist_train_50410,8,8
mnist_train_50596,8,8
mnist_train_50597,8,8
mnist_train_50925,8,8
mnist_train_50996,8,8
mnist_train_51183,8,8
mnist_train_51341,8,8
mnist_train_52241,8,8
mnist_train_52536,8,8
mnist_train_52699,8,8
mnist_train_52722,8,8
mnist_train_53872,8,8
mnist_train_53952,8,8
mnist_train_54030,8,8
mnist_train_54047,8,8
mnist_train_54054,8,8
mnist_train_5418,8,8
mnist_train_54280,8,8
mnist_train_54407,8,8
mnist_train_54654,8,8
mnist_train_54701,8,8
mnist_train_54749,8,8
mnist_train_54986,8,8
mnist_train_5534,8,8
mnist_train_55618,8,8
mnist_train_55674,8,8
mnist_train_55695,8,8
mnist_train_55697,8,8
mnist_train_56284,8,8
mnist_train_56600,8,8
mnist_train_56628,8,8
mnist_train_57093,8,8
mnist_train_57179,8,8
mnist_train_57561,8,8
mnist_train_57562,8,8
mnist_train_57767,8,8
mnist_train_6364,8,8
mnist_train_6582,8,8
mnist_train_6891,8,8
mnist_train_7076,8,8
mnist_train_726,8,8
mnist_train_7359,8,8
mnist_train_7441,8,8
mnist_train_766,8,8
mnist_train_7674,8,8
mnist_train_7891,8,8
mnist_train_8785,8,8
mnist_train_9361,8,8
mnist_train_9611,8,8
mnist_train_10336,9,9
mnist_train_10501,9,9
mnist_train_10577,9,9
mnist_train_10597,9,9
mnist_train_10717,9,9
mnist_train_10794,9,9
mnist_train_11068,9,9
mnist_train_11090,9,9
mnist_train_11175,9,9
mnist_train_11353,9,9
mnist_train_1138,9,9
mnist_train_11775,9,9
mnist_train_11830,9,9
mnist_train_11853,9,9
mnist_train_11934,9,9
mnist_train_12059,9,9
mnist_train_12320,9,9
mnist_train_1256,9,9
mnist_train_12629,9,9
mnist_train_12789,9,9
mnist_train_13646,9,9
mnist_train_13805,9,9
mnist_train_13806,9,9
mnist_train_14317,9,9
mnist_train_14662,9,9
mnist_train_14716,9,9
mnist_train_15151,9,9
mnist_train_1552,9,9
mnist_train_1622,9,9
mnist_train_16775,9,9
mnist_train_172,9,9
mnist_train_17342,9,9
mnist_train_1736,9,9
mnist_train_17827,9,9
mnist_train_17831,9,9
mnist_train_17936,9,9
mnist_train_17959,9,9
mnist_train_18680,9,9
mnist_train_18820,9,9
mnist_train_19113,9,9
mnist_train_19457,9,9
mnist_train_19629,9,9
mnist_train_19832,9,9
mnist_train_20519,9,9
mnist_train_20644,9,9
mnist_train_21336,9,9
mnist_train_21351,9,9
mnist_train_21471,9,9
mnist_train_21997,9,9
mnist_train_22072,9,9
mnist_train_22299,9,9
mnist_train_22795,9,9
mnist_train_22967,9,9
mnist_train_2331,9,9
mnist_train_23515,9,9
mnist_train_23555,9,9
mnist_train_23673,9,9
mnist_train_24164,9,9
mnist_train_24185,9,9
mnist_train_24270,9,9
mnist_train_24499,9,9
mnist_train_24911,9,9
mnist_train_24919,9,9
mnist_train_24927,9,9
mnist_train_25625,9,9
mnist_train_25643,9,9
mnist_train_26068,9,9
mnist_train_26185,9,9
mnist_train_26426,9,9
mnist_train_27533,9,9
mnist_train_28928,9,9
mnist_train_29154,9,9
mnist_train_29170,9,9
mnist_train_29841,9,9
mnist_train_29868,9,9
mnist_train_29959,9,9
mnist_train_30049,9,9
mnist_train_30181,9,9
mnist_train_3020,9,9
mnist_train_30277,9,9
mnist_train_30498,9,9
mnist_train_30808,9,9
mnist_train_31004,9,9
mnist_train_31107,9,9
mnist_train_31120,9,9
mnist_train_31299,9,9
mnist_train_31353,9,9
mnist_train_31828,9,9
mnist_train_32068,9,9
mnist_train_32249,9,9
mnist_train_32350,9,9
mnist_train_32368,9,9
mnist_train_33,9,9
mnist_train_33313,9,9
mnist_train_33699,9,9
mnist_train_34184,9,9
mnist_train_34598,9,9
mnist_train_34920,9,9
mnist_train_35065,9,9
mnist_train_35332,9,9
mnist_train_35666,9,9
mnist_train_35732,9,9
mnist_train_36420,9,9
mnist_train_36606,9,9
mnist_train_36735,9,9
mnist_train_37259,9,9
mnist_train_37932,9,9
mnist_train_38003,9,9
mnist_train_3827,9,9
mnist_train_38597,9,9
mnist_train_39111,9,9
mnist_train_39195,9,9
mnist_train_3927,9,9
mnist_train_39333,9,9
mnist_train_39732,9,9
mnist_train_39787,9,9
mnist_train_39993,9,9
mnist_train_40126,9,9
mnist_train_4019,9,9
mnist_train_40250,9,9
mnist_train_40499,9,9
mnist_train_40528,9,9
mnist_train_4065,9,9
mnist_train_40656,9,9
mnist_train_40781,9,9
mnist_train_41219,9,9
mnist_train_41644,9,9
mnist_train_42165,9,9
mnist_train_42246,9,9
mnist_train_42426,9,9
mnist_train_42855,9,9
mnist_train_43094,9,9
mnist_train_43138,9,9
mnist_train_43358,9,9
mnist_train_43478,9,9
mnist_train_43777,9,9
mnist_train_43888,9,9
mnist_train_45062,9,9
mnist_train_45232,9,9
mnist_train_45873,9,9
mnist_train_46578,9,9
mnist_train_46655,9,9
mnist_train_47457,9,9
mnist_train_48244,9,9
mnist_train_48388,9,9
mnist_train_49272,9,9
mnist_train_49447,9,9
mnist_train_49904,9,9
mnist_train_50079,9,9
mnist_train_50686,9,9
mnist_train_50882,9,9
mnist_train_51316,9,9
mnist_train_51455,9,9
mnist_train_51595,9,9
mnist_train_51654,9,9
mnist_train_51688,9,9
mnist_train_52093,9,9
mnist_train_52236,9,9
mnist_train_52311,9,9
mnist_train_52324,9,9
mnist_train_52447,9,9
mnist_train_53369,9,9
mnist_train_53703,9,9
mnist_train_5391,9,9
mnist_train_54261,9,9
mnist_train_54905,9,9
mnist_train_55013,9,9
mnist_train_55473,9,9
mnist_train_55849,9,9
mnist_train_56102,9,9
mnist_train_56401,9,9
mnist_train_56580,9,9
mnist_train_56713,9,9
mnist_train_56774,9,9
mnist_train_57423,9,9
mnist_train_5806,9,9
mnist_train_58566,9,9
mnist_train_58692,9,9
mnist_train_58854,9,9
mnist_train_59238,9,9
mnist_train_59243,9,9
mnist_train_6191,9,9
mnist_train_621,9,9
mnist_train_6301,9,9
mnist_train_6520,9,9
mnist_train_6634,9,9
mnist_train_6699,9,9
mnist_train_6993,9,9
mnist_train_7070,9,9
mnist_train_7667,9,9
mnist_train_7683,9,9
mnist_train_7949,9,9
mnist_train_8111,9,9
mnist_train_8141,9,9
mnist_train_822,9,9
mnist_train_8316,9,9
mnist_train_8714,9,9
mnist_train_8751,9,9
mnist_train_974,9,9
mnist_train_9827,9,9
